actor,person,episodes,start_year,end_year
Josh Radnor,Ted Mosby,208,2005,2014
Jason Segel,Marshall Eriksen,208,2005,2014
Cobie Smulders,Robin Scherbatsky,208,2005,2014
Neil Patrick Harris,Barney Stinson,208,2005,2014
Alyson Hannigan,Lily Aldrin,208,2005,2014
Lyndsy Fonseca,Daughter,65,2005,2014
David Henrie,Son,65,2005,2014
Cristin Milioti,Tracy McConnell,25,2013,2014
Marshall Manesh,Ranjit,21,2005,2014
Joe Nieves,Carl,19,2005,2014
Charlene Amoia,Wendy,17,2005,2011
Ashley Williams,Victoria,17,2006,2014
Suzie Plakson,Judy,15,2005,2014
Jennifer Morrison,Zoey,13,2010,2014
Wayne Brady,James,14,2006,2014
Bill Fagerbakke,Marvin Sr.,12,2005,2014
Ellen D. Williams,Patrice,12,2011,2014
Chris Elliott,Mickey,12,2009,2014
Robert Belushi,Linus,11,2013,2014
Ned Rolsma,Marcus,11,2005,2013
Becki Newton,Quinn,11,2012,2013
Sarah Chalke,Stella Zinman,12,2008,2014
Kal Penn,Kevin,10,2011,2014
Alexis Denisof,Sandy Rivers,10,2006,2014
Nazanin Boniadi,Nora,10,2011,2014
Ron Nicolosi,Mike,10,2006,2013
Frances Conroy,Loretta,11,2009,2014
Sherri Shepherd,Daphne,8,2013,2013
Bob Odenkirk,Arthur,8,2008,2012
Gita Isak,Answering Machine,8,2005,2013
Kyle MacLachlan,The Captain,7,2010,2014
Joe Manganiello,Brad,7,2006,2012
Michael Trucco,Nick,7,2011,2012
Matt Boren,Stuart,7,2006,2013
Cristine Rose,Virginia,7,2006,2014
David Burtka,Scooter,7,2006,2014
William Zabka,Billy Zabka,7,2013,2014
Benjamin Koldyke,Don,6,2009,2010
Bryan Callen,Bilson,6,2006,2009
Ray Wise,Robin Sr.,6,2011,2014
Taran Killam,Blauman,6,2006,2014
Robert Michael Ryan,Marvin Jr.,6,2005,2012
Alan Thicke,Alan Thicke,5,2008,2013
Laura Bell Bundy,Becky,5,2010,2014
Abby Elliott,Jeanette,5,2013,2014
Virginia Williams,Claudia,5,2006,2013
Darcy Rose Byrnes,Lucy,5,2008,2008
Roger Bart,Curtis,5,2013,2014
Tim Gunn,Tim Gunn,5,2010,2014
Rachel Bilson,Cindy,4,2010,2014
Chris Romano,Punchy,4,2008,2011
Ben Vereen,Sam,5,2010,2014
John Lithgow,Jerry,4,2011,2014
April Bowlby,Meg,4,2007,2014
Bruce Gray,Yuthers,4,2011,2012
Edward Flores,Food Guy,4,2009,2011
Marieve Herington,Betty,4,2009,2011
Monique Edwards,Producer,4,2005,2007
Koby Rouviere,Young Marshall,4,2009,2012
Katie Walder,Shannon,4,2006,2014
Laura Prepon,Karen,3,2009,2010
Martin Short,Garrison Cootes,3,2011,2012
Bryan Cranston,Hammond Druthers,3,2006,2013
K Callan,Grandma Lois,3,2007,2012
Jason Jones,Tony,4,2008,2010
Harry Groener,Clint,3,2006,2013
James Van Der Beek,Simon,3,2008,2013
Jim Nantz,Jim Nantz,3,2010,2014
Vicki Lewis,Dr. Sonya,3,2011,2012
Renée Taylor,Mrs. Matsen,3,2009,2012
Judith Drake,Bernice,3,2012,2014
Tracey Ullman,Genevieve,3,2014,2014
Mark Derwin,Greg,3,2006,2014
Robert Michael Morris,Lou,3,2006,2007
Artemis Pebdani,Anna,3,2010,2011
Eben Ham,Pilot,3,2005,2012
Milynn Sarley,Ferrari,3,2012,2012
Riley Thomas Stewart,Young Barney,3,2010,2011
Lou Ferrigno Jr.,Louis,3,2013,2014
Tanner Maguire,Young Barney,3,2007,2009
Michael Gross,Alfred Mosby,3,2006,2011
Rob Gleeson,Waiter,3,2013,2013
Chelan Simmons,Brandi,3,2012,2012
Danica McKellar,Trudy,2,2005,2007
Meagen Fay,Janice,2,2007,2007
Enrique Iglesias,Gael,2,2007,2007
Britney Spears,Abby,2,2008,2008
Alex Trebek,Alex Trebek,2,2010,2013
Anne Dudek,Natalie,2,2005,2010
Michael Kagan,Joel Adams,2,2005,2008
Will Sasso,Doug Martin,2,2008,2012
Will Forte,Randy,2,2008,2010
Christina Pickles,Rita,2,2009,2011
John Duerler,Harlen Johnsen,2,2009,2009
Geoff Stults,Max,2,2010,2010
Thomas Lennon,Klaus,2,2012,2012
E.E. Bell,Mystery Guest,2,2007,2010
Robbie Amell,Scooby,2,2011,2011
Jayma Mays,Coat Check Girl,2,2005,2013
Dawn Olivieri,Anna,2,2006,2008
Lucy Hale,Katie,2,2007,2014
Joel McCrary,Wilkinson,2,2009,2009
Kaylee DeFer,Beautiful Girl,2,2010,2013
Andrew Rannells,Darren,2,2013,2014
Hayes MacArthur,Curt,2,2007,2009
Nicholas Roget-King,Doug,2,2007,2007
Chris Kattan,Jed,2,2010,2014
Stacy Keibler,Karina,2,2010,2014
Andrew Caldwell,Scotty,2,2010,2010
Anna Camp,Cassie,2,2013,2013
Zachary Gordon,Boy,2,2006,2009
Adam Paul,Mitch,2,2008,2014
Jack Walsh,Morris,2,2009,2011
Matt Jones,Arthur,2,2009,2010
Ewan Chung,Carol,2,2006,2007
Aisha Kabia,Kara,2,2006,2006
Jay Lay,Nicest Guy in the World,2,2008,2009
Will Shadley,J.J.,2,2011,2011
Jayden Lund,Bill,2,2008,2009
Sarah Loew,Dumped Friend,2,2005,2006
Stefanie Black,Kelly,2,2010,2011
Paul Schackman,Dr. Mitchell Friedman,2,2010,2011
Tyler Peterson,Thirteen Year Old Marshall,2,2006,2009
Eva Amurri Martino,Shelly,2,2009,2014
Jorge Garcia,Steve Henry (The Blitz),2,2010,2014
Ashwyn Bagga,Johnny,2,2010,2010
Misty Monroe,Waitress,2,2011,2012
Francesca Capaldi,7 Year Old Lily,7,2012,2012
Stephen Keys,Bouncer,2,2005,2006
George Finn,Jamie,2,2009,2010
Casey Washington,Larry,2,2008,2012
Ethan Dizon,Ben,2,2008,2009
Shelby Zemanek,6 Year Old Robin,6,2008,2008
Jake Elliott,14 Year Old Marvin,14,2012,2012
Todd Sandler,Darryl,2,2012,2012
Abigail Spencer,Blahblah,2,2007,2014
Hallie Lambert,Kate,2,2008,2008
Tony Rossi,Waiter #2,2,2005,2007
Nancy Lenehan,Cheryl,2,2013,2014
Godfrey Moye,Bellhop,2,2013,2013
Katie Savoy,Karen,2,2008,2008
Barbara Perry,Mrs. Douglas,2,2009,2014
Kathy Uyen,Julia,2,2008,2008
Jai Rodriguez,Tom,2,2011,2014
Katie Holmes,Naomi,2,2011,2013
Joe Lo Truglio,Honeywell,2,2012,2012
Kenzo Lee,Young Man,2,2014,2014
Sharon Madden,Millie,2,2007,2007
Frank Alvarez,Steve,2,2007,2007
Americus Abesamis,Chaz,2,2011,2013
Bette Rae,Mrs. Berkelheimer,2,2011,2011
David Grammer,Captain Dearduff,2,2013,2013
Jacob Hopkins,Billy,2,2010,2010
Wayne Temple,Security Guard,2,2013,2013
Kelly Connolly,Dancer,2,2010,2012
Sy Smith,Singer #1,2,2011,2012
Cynthia Murell,Gorgeous Woman,2,2013,2013
Michael 'Mick' Harrity,Awards Show Announcer,2,2006,2007
Jennifer Lopez,Anita,1,2010,2010
Jeremy Gabriel,Mike,1,2005,2005
Samm Levine,Phil,1,2005,2005
Camryn Manheim,Ellen Pierce,1,2005,2005
Kathleen Rose Perkins,Marybeth,1,2005,2005
Courtney Abbiati,Girl #3,1,2006,2006
Morena Baccarin,Chloe,1,2006,2006
George Clinton,Himself,1,2006,2006
Nicole Garza,Jenny,1,2006,2006
Eric Allan Kramer,Bob Rorschach,1,2006,2006
Todd Stashwick,Steve,1,2006,2006
Bob Barker,Bob Barker,1,2007,2007
Orson Bean,Bob,1,2007,2007
Jonathan Browning,Mechanic,1,2007,2007
John Cho,Jeff Coatsworth,1,2007,2007
Rachelle Lefevre,Sarah,1,2007,2007
Meredith Scott Lynn,Phyllis,1,2007,2007
Mandy Moore,Amy,1,2007,2007
Busy Philipps,Rachel,1,2007,2007
Lindsay Price,Cathy,1,2007,2007
Brad Rowe,George,1,2007,2007
Emmitt Smith,Emmitt Smith,1,2007,2007
Maggie Wheeler,Margaret,1,2007,2007
Ian Abercrombie,Ben Franklin,1,2008,2008
Erin Cahill,Heather,1,2008,2008
Vanessa Lachey,Ashlee,1,2008,2008
Dan Lauria,Nolan,1,2008,2008
Regis Philbin,Regis Philbin,1,2008,2008
Jamie-Lynn Sigler,Jillian,1,2008,2008
Rebecca Budig,Holli,1,2009,2009
Regan Burns,Producer,1,2009,2009
JoAnna Garcia Swisher,Maggie,1,2009,2009
Heidi Montag,Herself,1,2009,2009
Kenny Rogers,Kindly Book Narrator,1,2009,2009
Lindsay Sloane,Jen,1,2009,2009
Sam Stefanski,Phil,1,2009,2009
Ryan Sypek,PJ,1,2009,2009
Robert Wisdom,McCracken,1,2009,2009
James Lanham,Sixteen Year Old Clint Eastwood,1,2010,2010
Amanda Peet,Jenkins,1,2010,2010
Maury Povich,Maury Povich,1,2010,2010
Nicole Scherzinger,Glitter,1,2010,2010
Carrie Underwood,Tiffany,1,2010,2010
Collette Wolfe,Sarah,1,2010,2010
Michael York,Jefferson Van Smoot,1,2010,2010
Chi McBride,Rod,1,2011,2011
Katy Perry,Honey,1,2011,2011
Seth Green,Daryl,1,2012,2012
Cornelius Peter,Doctor,1,2012,2012
Ashley Benson,Carly,1,2013,2013
Paul Shaffer,Himself,1,2013,2013
Casey Wilson,Krirsten,1,2013,2013
Beth Lacke,Dr. Sarah O'Brien,1,2005,2005
Amy Acker,Penelope,1,2006,2006
Valerie Azlynn,Dawn,1,2006,2006
Vivian Bang,Ava,1,2006,2006
Erinn Bartlett,Mary,1,2006,2006
Patricia Belcher,Receptionist,1,2006,2006
Sarah Cahill,Rosa,1,2006,2006
Natalie Garza,Jesse,1,2006,2006
Candace Kroslak,Girl #1,1,2006,2006
Caroline Lagerfelt,Bridal Shop Lady,1,2006,2006
America Olivo,Beautiful Woman,1,2006,2006
Jane Seymour,Professor Lewis,1,2006,2006
Ira Ungerleider,Mr. Corke,1,2006,2006
Jessica Barth,Church Girl,1,2007,2007
Frank Clem,Hick,1,2007,2007
Stephanie Faracy,Rhonda,1,2007,2007
Rich Fields,Rich Fields,1,2007,2007
Ashli Ford,Lauren Stein,1,2007,2007
Nikki Griffin,Lindsay,1,2007,2007
Kevin Heffernan,Ted Mosby Porn Star,1,2007,2007
Jolie Jenkins,Alexa,1,2007,2007
Phill Lewis,Loan Officer,1,2007,2007
Michael Mantell,Ben,1,2007,2007
Scoot McNairy,Fast Food Worker,1,2007,2007
Kelly Perine,Fred,1,2007,2007
Ryan Pinkston,Kyle,1,2007,2007
Jeff Austin,George Washington,1,2008,2008
Ryan Michelle Bathe,Michelle,1,2008,2008
Eric Bruskotter,George,1,2008,2008
Courtney Ford,Vicky,1,2008,2008
John Getz,Bob Hewitt,1,2008,2008
Lindsey Stoddart,Charlotte,1,2008,2008
Larry Wilmore,Dr. Greer,1,2008,2008
Raquel Alessi,Roberta,1,2009,2009
Jessica Anderson,Hot Woman #3,1,2009,2009
Bo Barrett,Guy 2,1,2009,2009
Eileen April Boylan,Melissa,1,2009,2009
Dan Castellaneta,Milt,1,2009,2009
Brooke D'Orsay,Margaret,1,2009,2009
Pamela Dunlap,Miss Cruickshank,1,2009,2009
Julianna Guill,Maiden,1,2009,2009
Aaron Hill,The Frozen Snowshoe,1,2009,2009
Jamie Kaler,Jim,1,2009,2009
Rizwan Manji,Dr. Vikash,1,2009,2009
Kim Matula,Girl #1,1,2009,2009
Seth Morris,Director,1,2009,2009
Spencer Pratt,Himself,1,2009,2009
Kevin Michael Richardson,Stan,1,2009,2009
Malin Akerman,Movie Stella,1,2010,2010
Peter Bogdanovich,Peter Bogdanovich,1,2010,2010
Joni Bovill,Officer McKie,1,2010,2010
Jon Dore,Mugger,1,2010,2010
Malea Mitchell,Chrissy,1,2010,2010
Brooke Nevin,Amanda,1,2010,2010
Nick Swisher,Himself,1,2010,2010
Teresa Castillo,Maya,1,2011,2011
Chase Ellison,Scott,1,2011,2011
Ernie Hudson,Ernie Hudson,1,2011,2011
Suzy Nakamura,Dr. Kirby,1,2011,2011
Jimmi Simpson,Pete Durkenson,1,2011,2011
Danny Strong,Trey,1,2011,2011
Nancy Travis,Cheryl,1,2011,2011
Amber Stevens West,Janet,1,2011,2011
Morgan Peter Brown,Adrian,1,2012,2012
Peter Gallagher,Professor Vinick,1,2012,2012
Michael Gladis,Chester,1,2012,2012
Zach Bandler,Man #2,1,2013,2013
George Barrera,Mariachi #1,1,2013,2013
Cyrus Deboo,Husband #1,1,2013,2013
Keegan-Michael Key,Calvin,1,2013,2013
Lin-Manuel Miranda,Gus,1,2013,2013
Mircea Monroe,Liddy,1,2013,2013
Christopher Nicholas Smith,Strickland Stevens,1,2013,2013
Mike Tyson,Mike Tyson,1,2013,2013
Wanya Morris,Boyz II Men,1,2014,2014
Earl Billings,Officer McNeil,1,2005,2005
Elizabeth Bogush,Amanda,1,2005,2005
Saba Homayoon,Yasmin,1,2005,2005
Joanna Leeds,Jane,1,2005,2005
Beth Riesgraf,Works with Carlos Girl,1,2005,2005
Martin Starr,Kevin,1,2005,2005
Sundeep Ahuja,Dan,1,2006,2006
Jake Broder,Host,1,2006,2006
Sergey Brusilovsky,Sergei the Tailor,1,2006,2006
Carlease Burke,WPD Worker,1,2006,2006
George Cheung,Korean Elvis,1,2006,2006
Michael Cotter,Flamboyant Guy,1,2006,2006
Richard Gant,Judge,1,2006,2006
Tom Lenk,Guy,1,2006,2006
Alek Lev,Todd Epstein,1,2006,2006
Wayne Nickel,Reverend Rob,1,2006,2006
Charles Robinson,Bank President,1,2006,2006
Diane Salinger,Dr. Aurelia,1,2006,2006
Nate Torrence,Butterfield,1,2006,2006
Gabrielle Allan,Pregnant Lady,1,2007,2007
Ray Auxias,Phil,1,2007,2007
Mark Cirillo,Waiter,1,2007,2007
Alan Finkelstein,Price is Right Contestant #1,1,2007,2007
Diana Gettinger,Alison Moses,1,2007,2007
Ailsa Marshall,Girl #3,1,2007,2007
Michele Nordin,Colleen,1,2007,2007
Kristen Schaal,Laura,1,2007,2007
William Schallert,Brady,1,2007,2007
Misti Traya,Molly,1,2007,2007
Janet Varney,Stacey,1,2007,2007
Danneel Ackles,Nora,1,2008,2008
Michael Antosy,Recruit,1,2008,2008
Doug Benson,Cool Customs Guy,1,2008,2008
Eric Braeden,Robin Sr.,1,2008,2008
Kevin Christy,Sven #1,1,2008,2008
Davis Cleveland,Andy,1,2008,2008
Tug Coker,Bud,1,2008,2008
Maite Schwartz,Holly,1,2008,2008
Todd Sherry,Lawrence,1,2008,2008
Andrew Astor,Addison,1,2009,2009
Christine Scott Bennett,Tracey,1,2009,2009
Tina Casciani,Marisela Diaz,1,2009,2009
Sarah Edwards,Suzy,1,2009,2009
Harvey Fierstein,Lily's Smoking Voice,1,2009,2009
Olga Fonda,Candy,1,2009,2009
Brad Grunberg,Bruno,1,2009,2009
Amy Gumenick,Amanda,1,2009,2009
Kim Kardashian West,Herself,1,2009,2009
Laura Ornelas,Girl #2,1,2009,2009
Molly Prather,Judy,1,2009,2009
Italia Ricci,Hot Woman #1,1,2009,2009
Darlene Tejeiro,Louisa,1,2009,2009
Judy Greer,Royce,1,2010,2010
Arianna Huffington,Arianna Huffington,1,2010,2010
Tara Erica Moore,Rachel,1,2010,2010
Bar Paly,Natalia,1,2010,2010
Larry Poindexter,Joe Donovan,1,2010,2010
Catherine Reitman,Henrietta,1,2010,2010
Gary Anthony Williams,Inspector,1,2010,2010
Jill Basey,Mrs. Perkins,1,2011,2011
Dusan Brown,Kid,1,2011,2011
Dave Foley,Mr. Bloom,1,2011,2011
Todd Grinnell,Insane Duane,1,2011,2011
Tamara Rey,Woman,1,2011,2011
'Weird Al' Yankovic,'Weird Al' Yankovic,1,2011,2011
Michael Coleman,Lou,1,2012,2012
Rebecca Creskoff,Geraldine,1,2012,2012
Joey D'Auria,Fred,1,2012,2012
Jenni-Kate Deshon,Woman #1,1,2012,2012
Dimitri Diatchenko,Arvydas,1,2012,2012
Don Lake,Judge Albert Donovan,1,2012,2012
Angela Matemotja,Consuela,1,2012,2012
Meghan Maureen McDonough,Veronica,1,2012,2012
Becky Baeling,Shelly,1,2013,2013
Robert Baxt,Bernard,1,2013,2013
Sachin Bhatt,Man #1,1,2013,2013
Sonora Chase,Mother,1,2013,2013
Irene Choi,Mia,1,2013,2013
Rhys Darby,Hamish,1,2013,2013
Christine Donlon,Toby,1,2013,2013
Ogy Durham,Tabatha,1,2013,2013
Ralph Macchio,Ralph Macchio,1,2013,2013
Ahna O'Reilly,Kelly,1,2014,2014
Shawn Stockman,Boyz II Men,1,2014,2014
Jon Bernthal,Carlos,1,2005,2005
Robb Derringer,Derrick,1,2005,2005
Maya Parish,Erin,1,2005,2005
Ryan Raddatz,Chris,1,2005,2005
Jenae Altschwager,Sunshine,1,2006,2006
Boyuen,Big Chinese Gambler,1,2006,2006
Ken Cosby,Cab Driver,1,2006,2006
Brian T. Delaney,Drunk Guy,1,2006,2006
Marcus Folmar,WPD Driver,1,2006,2006
Suzanne Ford,Vet,1,2006,2006
Napiera Groves,Tanya,1,2006,2006
Lawrence Mandley,Cab Driver #1,1,2006,2006
Keith Slettedahl,Keith,1,2006,2006
Rachel Specter,Girl #2,1,2006,2006
Noel True,Waitress,1,2006,2006
Olivia Howard Bagg,11 Year Old Robin,11,2007,2007
Preston Bailey,Kindergartner,1,2007,2007
Sharon Brathwaite,Clerk,1,2007,2007
Ron Butler,Proctor,1,2007,2007
John Ducey,Kevin,1,2007,2007
Gattlin Griffith,Boy,1,2007,2007
Lisa Hoggatt,Price is Right Contestant #2,1,2007,2007
Brian Kubach,Brian,1,2007,2007
Jason Medwin,Thug,1,2007,2007
Betsy Rue,Audrey,1,2007,2007
Taylor Saracho,Jeannie Radford,1,2007,2007
Darryl Sivad,Officer Roque,1,2007,2007
John Sloan,Michael,1,2007,2007
Ella Thomas,Girl #1,1,2007,2007
Kyle Archer,Mark Johnson,1,2008,2008
Emily Baldoni,Claudette,1,2008,2008
Matt Besser,Vendor,1,2008,2008
Jordan Black,Ferguson,1,2008,2008
Jon Paul Burkhart,Herm,1,2008,2008
Don Creech,Old Guy,1,2008,2008
Shammy Dee,Matisse,1,2008,2008
Michael Hagiwara,Mr. Li,1,2008,2008
Krista Kalmus,Misty,1,2008,2008
Brian Letscher,Angry Guy,1,2008,2008
Mandy McMillian,Waitress,1,2008,2008
Chris Tallman,Mark,1,2008,2008
Tiffany,Catholic School Girl,1,2008,2008
Aynsley Bubbico,Maya,1,2009,2009
Brian Patrick Collins,Teen Wolf,1,2009,2009
Corinne Dekker,Bailey,1,2009,2009
Angelo Diona,Ricky,1,2009,2009
Trey Ellett,Paul,1,2009,2009
Stephen Holland,Creepy Back Rub Guy,1,2009,2009
Angela Martinez,Rochelle Harper,1,2009,2009
Jordan Masterson,Colin,1,2009,2009
Kazu Nagahama,Shin-Ya,1,2009,2009
Brett Ryback,Guy #1,1,2009,2009
Alyssa Julya Smith,April,1,2009,2009
Amir Talai,Richard Greenleaf,1,2009,2009
Nikki BreAnne Wells,Hot Woman #2,1,2009,2009
Kendra Wilkinson,Herself,1,2009,2009
Sarah Wright,Claire,1,2009,2009
Bonnie Bailey-Reed,Flo,1,2010,2010
Dan Bakkedahl,Curtis,1,2010,2010
Gina Comparetto,Strawberry,1,2010,2010
Will Shortz,Will Shortz,1,2010,2010
Jude Will,Seven Year Old Clint Eastwood,1,2010,2010
Jeff Braine,Kent,1,2011,2011
Kelly Curran,Mindy,1,2011,2011
Jamie Denbo,Sheila,1,2011,2011
Drew Droege,Waiter,1,2011,2011
Daniel Escobar,Professor Rodriguez,1,2011,2011
Peter Mackenzie,Mr. Horvath,1,2011,2011
Jerry Minor,King Charles,1,2011,2011
Jeff Probst,Jeff Probst,1,2011,2011
Danielle Weeks,Sheila,1,2011,2011
Suzi Barrett,Sandra,1,2012,2012
Rachel Bloom,Wanda,1,2012,2012
Jane Carr,Mrs. Buckminster,1,2012,2012
Elena Diaz,Serendipity,1,2012,2012
Kim Estes,Judge #1,1,2012,2012
Jared Gertner,Irving,1,2012,2012
John Paul Green,Joel,1,2012,2012
Matt Lasky,Butterfly Knife,1,2012,2012
Wendy McColm,Milly,1,2012,2012
Gregory Michael,Trey,1,2012,2012
Lou Cutell,Uncle Mort,1,2013,2013
Mario Di Donato,Auctioneer,1,2013,2013
Michael Edwin,Eddie,1,2013,2013
Jessica Gardner,Wife #3,1,2013,2013
Camille Guaty,Lisa,1,2013,2013
Jacob Guenther,Kid #4,1,2013,2013
Patrick Hancock,Security Guard,1,2013,2013
Edward Herrmann,Reverend Lowell,1,2013,2013
Jason Heymann,Man #3,1,2013,2013
Maliabeth Johnson,Emma,1,2013,2013
Angus Mclellan,Bigfoot,1,2013,2013
Tony Robinette,Waiter,1,2013,2013
Nathan Morris,Boyz II Men,1,2014,2014
Jackie Geary,Jackie,1,2005,2005
Chad Lindsey,Angel,1,2005,2005
J.P. Manoux,Not Moby,1,2005,2005
Jacqueline Pinol,Jackie,1,2005,2005
Lindsay Schoneweis,Fantasy Girl,1,2005,2005
Brenda Isaacs Booth,Tracy,1,2006,2006
Michael David Cheng,Paul,1,2006,2006
Joey Diaz,Angry New Yorker,1,2006,2006
Steven Engle,Guy #2,1,2006,2006
Barry Finkel,Crazy Man,1,2006,2006
Mark Gagliardi,Quartet Leader,1,2006,2006
Cailey Blair Jones,Little Girl #1,1,2006,2006
Gregor Manns,Karaoke DJ,1,2006,2006
Claudia Mason,Woman #1,1,2006,2006
Shawn Carter Peterson,Man,1,2006,2006
John Reha,Shlub #1,1,2006,2006
Kelly Stables,Masseuse,1,2006,2006
Erin Cardillo,Treasure,1,2007,2007
Frank Crim,Leonard Ross,1,2007,2007
Pamela Darling,4 Year Old Katie,4,2007,2007
Damon Gameau,Australian Backpacker,1,2007,2007
Candice King,Amy,1,2007,2007
Gary Kraus,Videographer,1,2007,2007
Steve Little,Test Taker,1,2007,2007
Amanda Loncar,Lydia,1,2007,2007
Jason Lopez,Hot Guy,1,2007,2007
Carrick O'Quinn,Security Guard,1,2007,2007
Meredith Roberts Quill,Trish,1,2007,2007
Jack Salvatore Jr.,Drive-Thru Attendant,1,2007,2007
Stu Smith,Stranger,1,2007,2007
Christine Woods,Waitress,1,2007,2007
Necar Zadegan,Girl #2,1,2007,2007
Michael Christian Alexander,Intervention Leader,1,2008,2008
Justin Alston,Cool Black Guy,1,2008,2008
Ken Barnett,Colton Dunn,1,2008,2008
Vincent Fenequito,Korean General,1,2008,2008
Alan Fudge,Farmer Frank,1,2008,2008
Avner Garbi,Waiter,1,2008,2008
Sean C. Graham,Wayne,1,2008,2008
Heidi Herschbach,April,1,2008,2008
Christine Joaquin,Kourtney,1,2008,2008
Elaine Kao,Girl From Couple,1,2008,2008
Michael McCafferty,Cabbie,1,2008,2008
Erika Medina,Stacey,1,2008,2008
Candace Moon,Christina,1,2008,2008
Max Prado,Michael Sasser,1,2008,2008
Arielle Vandenberg,Mary,1,2008,2008
Peter Breitmayer,Minnesota State Trooper,1,2009,2009
Jannel-Marie Diaz,Chris,1,2009,2009
Kaela Elmido,Girl,1,2009,2009
Nikea Gamby-Turner,Hostess,1,2009,2009
Cal Gibson,Ryan,1,2009,2009
Kimberly Dawn Guerrero,Stage Mom,1,2009,2009
Stephen Kearin,Arthur,1,2009,2009
Heather Nichols,Mandy,1,2009,2009
Darren O'Hare,Guy 1,1,2009,2009
Colleen Shannon,Lottery Girl,1,2009,2009
Abhi Sinha,Guy #2,1,2009,2009
Clyde Tull,Minister Giles,1,2009,2009
Brianna Belladonna,Petra,1,2010,2010
Jan Bryant,Mildred,1,2010,2010
Collin Christopher,Simon,1,2010,2010
Tamara Lynn Davis,Iris,1,2010,2010
Asia De Marcos,Japanese Wife,1,2010,2010
David Haley,Coach,1,2010,2010
Jason Lewis,Movie Tony,1,2010,2010
Phil Simms,Phil Simms,1,2010,2010
Darby Stanchfield,Marissa,1,2010,2010
Jay Acovone,Vance,1,2011,2011
Nicole Andrews,Annie,1,2011,2011
Elizabeth J. Carlisle,Beth,1,2011,2011
Katie Gill,Erika,1,2011,2011
J. Anthony McCarthy,Man in Fez,1,2011,2011
Julie Meyer,Jane,1,2011,2011
Andra Nechita,Robin's Daughter,1,2011,2011
Lennon Parham,Bev,1,2011,2011
Cristina N. Rose,Penny,1,2011,2011
Eleanor Seigler,Mia,1,2011,2011
Brenda Ballard,Fran,1,2012,2012
Brandi Burkhardt,Candice,1,2012,2012
Vanessa Chester,Mia,1,2012,2012
Dennis Haskins,Judge #2,1,2012,2012
Tara Holt,Chanel,1,2012,2012
Rob Huebel,Mr. Flanagan,1,2012,2012
Brendan Hunt,Hot Dog Guy,1,2012,2012
Cristen Irene,Robyn,1,2012,2012
Bryan Krasner,Gary,1,2012,2012
Karolin Luna,Woman #2,1,2012,2012
Doug Mand,Devil Stick Ron,1,2012,2012
Ryan Meharry,Martin,1,2012,2012
Amy Holland Pennell,Christy,1,2012,2012
Kim Shaw,Julie,1,2012,2012
Anisha Adusumilli,Other Agent,1,2013,2013
Victoria Boa,Louise Poirier,1,2013,2013
Christopher Darga,Bus Driver,1,2013,2013
India de Beaufort,Sophia,1,2013,2013
Kevin Fabian,Maitre 'd,1,2013,2013
Reatha Grey,Old Lady,1,2013,2013
Bianca Haase,Cheryl,1,2013,2013
Daniel Harris,Kid #2,1,2013,2013
Chauncey Jenkins,Business Man,1,2013,2013
Calvin Jung,Chinese Mobster,1,2013,2013
Marjorie Lovett,Aunt Muriel,1,2013,2013
Ashley Michaelsen,Beach Babe,1,2013,2013
Jocelyn Osorio,Bellissima,1,2013,2013
David Mattey,Animal Trainer,1,2014,2014
Krizia Bajos,Hula Girl,1,2005,2005
Ange Billman,Steph,1,2005,2005
Tiffany Brouwer,Laura,1,2005,2005
Rob Evors,Bradley,1,2005,2005
Jae Head,Leroy,1,2005,2005
Nick Jaine,Sudeep,1,2005,2005
Adam Kulbersh,Kendall,1,2005,2005
Keri Safran,Katie,1,2005,2005
Jack Shearer,Cab Driver,1,2005,2005
Natalie Denise Sperl,Natalya,1,2005,2005
Maria Arcé,Paula,1,2006,2006
G.J. Echternkamp,Joey Adalian,1,2006,2006
Kvon Harris,Young James,1,2006,2006
Lee Warren Jones,Waiter,1,2006,2006
Michael McNeely,Screaming Boy,1,2006,2006
Hannah Payne,Charity,1,2006,2006
Dana Power,Lauren,1,2006,2006
Alyssa Shafer,Little Girl #2,1,2006,2006
Brent Tarnol,Shlub #2,1,2006,2006
Thomas Bethke,Gardener,1,2007,2007
Jacqui Holland,Woman,1,2007,2007
Neil Jackson,Ian,1,2007,2007
Thomas Anthony Jones,Man,1,2007,2007
Heidi Klum,Heidi Klum,1,2007,2007
Rick Malambri,Floppy Haired Guy,1,2007,2007
Patricia Place,Aunt Florence,1,2007,2007
John Rosenfeld,Suit Guy,1,2007,2007
Deanna Russo,Brooke,1,2007,2007
Annie Abrams,Desk Clerk,1,2008,2008
Declan Beaty,Gilbert,1,2008,2008
Petrea Burchard,Female Gallery Patron,1,2008,2008
Brendan Patrick Connor,Janitor,1,2008,2008
Blair Hickey,Pete,1,2008,2008
Mieko Hillman,Stephanie,1,2008,2008
Edward Kiniry-Ostro,Brian,1,2008,2008
Alexis Krause,Carol,1,2008,2008
Alonza Maxwell,Bartender,1,2008,2008
Scott Michael Morgan,Glen,1,2008,2008
Jae Suh Park,Crystal,1,2008,2008
Elena K. Smith,Ted's Cousin,1,2008,2008
David Tran,Busboy,1,2008,2008
Ara Anton,Herm,1,2009,2009
Charles Rahi Chun,Mr. Park,1,2009,2009
Nicolai Dorian,Skateboarder,1,2009,2009
Whit Hertford,Lost in Space Robot,1,2009,2009
Kevin Kirkpatrick,Donald,1,2009,2009
Kim Knight,Tricia,1,2009,2009
Justin Lawrence,Ryan,1,2009,2009
Maura McCarthy,Shea,1,2009,2009
Adrian Rice,Fantasy Guy,1,2009,2009
Sophie Simpson,College Girl,1,2009,2009
Dale E. Turner,Calzonetti,1,2009,2009
William Walton,Roy,1,2009,2009
Arshad Aslam,Brian,1,2010,2010
Michele Boyd,Jolene,1,2010,2010
Timothy Brennen,Novelist,1,2010,2010
Shaughn Buchholz,Waiter,1,2010,2010
Craig Cackowski,Cabbie,1,2010,2010
Arnold Chun,Waiter,1,2010,2010
Jessica Blair Herman,Trish,1,2010,2010
Blake Hogue,Neighbor,1,2010,2010
Valorie Hubbard,Gladys,1,2010,2010
Benton Jennings,Jordan,1,2010,2010
Ted Jonas,Russell,1,2010,2010
Brian David Jones,Co-Worker #2,1,2010,2010
Angus McClelland,Angus,1,2010,2010
Michael Earl Reid,Postmaster General,1,2010,2010
Elaine Bartolone,Waitress,1,2011,2011
Shelli Boone,Bridesmaid,1,2011,2011
Duncan Bravo,Clive,1,2011,2011
Michelle Diaz,Haley,1,2011,2011
Katierose Donohue,Kirsten,1,2011,2011
Kyle S. More,Hipster Dude,1,2011,2011
Dan O'Brien,Meeker,1,2011,2011
Eijiro Ozaki,Ninja,1,2011,2011
Noah Schnacky,Robin's Son,1,2011,2011
Rachel Sterling,Paula,1,2011,2011
Jacob Witkin,Nora's Dad,1,2011,2011
Lance Barber,Guard #1,1,2012,2012
Cheryl Lynn Bowers,Blonde Juror,1,2012,2012
Johnny Giacalone,Ronnie,1,2012,2012
Nikki Grier,Singer #3,1,2012,2012
Hal Havins,Cab Driver,1,2012,2012
Raymond Lee,College Dude,1,2012,2012
Mike Nojun Park,Waiter,1,2012,2012
Lauren Pritchard,Waitress,1,2012,2012
Brendan Robinson,Ned,1,2012,2012
Ptolemy Slocum,Larry,1,2012,2012
Karthik Srinivasan,Giles,1,2012,2012
Lindsey Alley,Woman,1,2013,2013
Michael James Bell,Flight Attendant,1,2013,2013
Billy 4 Johnston,Tanner,1,2013,2013
Sarah Karges,Elaine,1,2013,2013
Jeff Kueppers,Norman Breakey,1,2013,2013
Karen Lew,Ms. Hamaguchi,1,2013,2013
Weston Nathanson,Elderly Man,1,2013,2013
Michael Rider,Knight Templar,1,2013,2013
Melissa Tang,Amanda,1,2013,2013
Dave Thomas,Chuck Gerussi,1,2013,2013
Nikki Tuazon,Hot Girl,1,2013,2013
Justene Alpert,Sexy Girl #2,1,2014,2014
Emily Chang,Steph,1,2014,2014
Dexter Cross,Little Boy,1,2014,2014
Jon Heder,Narshall,1,2014,2014
Brian McElhaney,Justin,1,2014,2014
Pedro Miguel Arce,Dana,1,2005,2005
Keisuke Hoashi,Doctor,1,2005,2005
Buck Kartalian,Henry,1,2005,2005
Scott Rinker,Host,1,2005,2005
James Tupper,Derek,1,2005,2005
Joshua Zisholtz,Daniel,1,2005,2005
Mary Gillis,Old Woman,1,2006,2006
Tim Heinrich,Muscular Guy,1,2006,2006
Brett A. Jones,Security Guard #1,1,2006,2006
Diane Mizota,Woman,1,2006,2006
Ryan O'Connor,Chet,1,2006,2006
Shaheed Rasheed,Little Boy,1,2006,2006
Anne-Michelle Seiler,Brunette,1,2006,2006
Vanessa Vander Pluym,Janine,1,2006,2006
Megan Bowers,Persephone,1,2007,2007
Shulie Cowen,Andrea,1,2007,2007
Donovan Dustin,Tyler,1,2007,2007
Jamie Hagan,Stripper,1,2007,2007
Jim Jansen,Doctor,1,2007,2007
Evan Mann,Zach Grecco,1,2007,2007
Jeff Meacham,DJ,1,2007,2007
Melissa Ordway,Woman #1,1,2007,2007
Rachel Reynolds,Rachel Reynolds,1,2007,2007
Connie Sawyer,Old Lady,1,2007,2007
Ben Tolpin,Mark,1,2007,2007
Michael Bolten,Kyle,1,2008,2008
Ryan Burnham,Bartender #1,1,2008,2008
Sarah Campbell,Esmerelda,1,2008,2008
Ted Cannon,Sven #3,1,2008,2008
Yvonne Delarosa,Charna,1,2008,2008
Michelle Gunn,Mrs. Abergast,1,2008,2008
Steve Hasley,Walter,1,2008,2008
Floriana Lima,Haley,1,2008,2008
Anthony Palermo,Customs Guy,1,2008,2008
Ria Pavia,Gloria,1,2008,2008
John Pollono,Guy From Couple,1,2008,2008
Nicole Taylor,Sexy Blonde,1,2008,2008
Kevin Michael Walsh,Burglar #1,1,2008,2008
Danièle Watts,Lori,1,2008,2008
Yves Bright,Patrice,1,2009,2009
Rowly Dennis,Trevor,1,2009,2009
Azita Ghanizada,Sexy Female Cop,1,2009,2009
Katie Hein,Jenni,1,2009,2009
Jonathan Morgan Heit,Boy #1,1,2009,2009
Kristen Lapari,Geri,1,2009,2009
Wayne Lopez,Referee,1,2009,2009
Katie Malia,Christy,1,2009,2009
Alec Medlock,Waiter,1,2009,2009
Ambrit Millhouse,Jill,1,2009,2009
Trent Peltz,Ricky,1,2009,2009
Joel Spence,Toy Guy,1,2009,2009
Charlie Stewart,Kenny,1,2009,2009
Christine Tonnu,Sandy,1,2009,2009
Cinda Adams,Wedding Guest #3,1,2010,2010
Ryan Bailey,Herb,1,2010,2010
Jessica Borden,Joanna,1,2010,2010
Ed Brigadier,Waiter,1,2010,2010
Lucky Davis,8 Year Old Kid,8,2010,2010
T. Lynn Eanes,Esme,1,2010,2010
Jeremy Glazer,Bruce,1,2010,2010
Audra Griffis,Girl,1,2010,2010
Mikaela Hoover,Stacey,1,2010,2010
Daniel Kash,Guy,1,2010,2010
Jeff Leaf,Jack,1,2010,2010
Clinton Leupp,Drag Queen,1,2010,2010
Melissa Molinaro,Noelle,1,2010,2010
James Price,Large Man,1,2010,2010
Lauren Shiohama,Marissa,1,2010,2010
Celeste Thorson,Lisa,1,2010,2010
Liz Nicole Abrams,Random Girl,1,2011,2011
Kallee Brookes,Sara,1,2011,2011
Vince Cefalu,Punchy's Dad,1,2011,2011
Dean Chekvala,Hippie Dude,1,2011,2011
Kelsey Crane,Tori,1,2011,2011
Thomas Fowler,Ben,1,2011,2011
Victoria Geil,Anne,1,2011,2011
Tenille Houston,Tara,1,2011,2011
Harry S. Murphy,Reverend Platt,1,2011,2011
Nick Pasqual,Will,1,2011,2011
Marlowe Peyton,Kid,1,2011,2011
Michael Rupnow,Scott,1,2011,2011
Ed Alonzo,Guard #2,1,2012,2012
Melissa Christine,Kara,1,2012,2012
Mark Cohen,Dr. Bedrosian,1,2012,2012
Max Daniels,Cab Driver,1,2012,2012
Kimberly Hidalgo,Randi,1,2012,2012
Nikki Limo,Christie,1,2012,2012
Shannon Pearson,Singer #1,1,2012,2012
Arielle Reitsma,Kismet,1,2012,2012
Brian Shortall,Ray,1,2012,2012
Colleen Smith,Uta,1,2012,2012
Frank Viola,Himself,1,2012,2012
Jason Boggs,Packers Fan,1,2013,2013
Mary Gallagher,Female Gate Agent,1,2013,2013
Lawrence Larsen,Dr. Frederick Banting,1,2013,2013
Michael Leone,Kid #1,1,2013,2013
Stephanie Lynn,Meredith,1,2013,2013
Joe O'Connor,Cassie's Dad,1,2013,2013
Grace Parra,Wife #2,1,2013,2013
Jason Priestley,Himself,1,2013,2013
Alex Scott,Young Woman,1,2013,2013
Jason Watson,Barista,1,2013,2013
Brooke Lynn Howard,Sexy Girl #1,1,2014,2014
Nick Kocher,Kyle,1,2014,2014
Sharline Liu,Photographer,1,2014,2014
Barbara Nathanson,Grandma,1,2014,2014
Crispin Barrymore,The Shagarats,1,2005,2005
Vanessa Evigan,Kelly,1,2005,2005
Miki Mia,Chinese Waitress,1,2005,2005
Alyshia Ochse,Tatiana,1,2005,2005
Bach Hoang,Manicurist,1,2006,2006
Jim Lau,Chinese Man,1,2006,2006
Dimitri Lekkos,Charles,1,2006,2006
Kelly Mullis,Paula,1,2006,2006
Michael Owen,Security Guard #2,1,2006,2006
Moon Unit Zappa,Stacy,1,2006,2006
Chantelle Barry,Woman #2,1,2007,2007
Rhomeyn Johnson,Cab Driver,1,2007,2007
Mary Alyce Kania,Walk of Shame Woman,1,2007,2007
P.J. Marino,Bartender,1,2007,2007
Corie Vickers,Cousin Margaret,1,2007,2007
Terryn Westbrook,Staci Rawnsley,1,2007,2007
Chris Dotson,Waiter,1,2008,2008
Evelyn Dubuc,Megan,1,2008,2008
Veronica Estrada,Catholic School Girl,1,2008,2008
Courtney Ray Geigle,Guy #1,1,2008,2008
Matthew Hatchette,Bartender #2,1,2008,2008
Aaron Hendry,Juice Bar Guy,1,2008,2008
Sam Littlefield,Sven #2,1,2008,2008
Alex Lombard,Hot Chick,1,2008,2008
Megan McNulty,Cindy,1,2008,2008
Bill Parks,Crazy Willie,1,2008,2008
Caroline Whitney Smith,Brenda,1,2008,2008
Taira Soo,Nurse,1,2008,2008
Jim Woods,Burglar #2,1,2008,2008
Ezra Buzzington,Highway Cop #1,1,2009,2009
Pat Crawford Brown,Thelma,1,2009,2009
Dennis W. Hall,Leopold,1,2009,2009
Mary Ann Jarou,Jenny,1,2009,2009
Patrick Moote,Darren,1,2009,2009
Matthew Moy,Louis,1,2009,2009
Jason Rogel,Clerk,1,2009,2009
Jaime Taite,Christina,1,2009,2009
K.T. Tatara,Py,1,2009,2009
Mark Tomesek,Dr. Goodman,1,2009,2009
Brea Angelo,Hannah,1,2010,2010
Hong Chau,Cook Pu,1,2010,2010
Thomas Crawford,Wedding Guest #1,1,2010,2010
Peter Katona,Co-Worker #1,1,2010,2010
Payson Lewis,Morris,1,2010,2010
Brooke Mackenzie,Lisa Walker,1,2010,2010
Roger Narayan,Babaka,1,2010,2010
James Pumphrey,Frat Dude #1,1,2010,2010
Steve Rizzo,Giant Calculator,1,2010,2010
Gaku Space,Robin's Date,1,2010,2010
Ian Wolterstorff,Stoner Guy,1,2010,2010
Matt Dwyer,Syd,1,2011,2011
Chelsea Gilligan,Annette,1,2011,2011
Gerrit Goossen,Finnish Guy,1,2011,2011
Nicole Hayden,Jessica,1,2011,2011
Robin Krieger,Nora's Mom,1,2011,2011
Tarah Paige,Kersten,1,2011,2011
Dylan Shea,Trick or Treater,1,2011,2011
Jamie Lea Willett,Gina,1,2011,2011
Breanna Yde,Little Girl,1,2011,2011
Chasty Ballesteros,Tina,1,2012,2012
Blake Bertrand,Young Marvin Jr.,1,2012,2012
Christopher Carroll,Mr. Drury,1,2012,2012
Josh Douglas,Kid #1,1,2012,2012
Paul Eliopoulos,Homeless Man,1,2012,2012
Daisy Faith,Sally,1,2012,2012
August Maturo,6 Year Old Marvin,6,2012,2012
Lindsey Morgan,Lauren,1,2012,2012
Amanda Reed,Peg,1,2012,2012
Katy Stoll,Lizbeth,1,2012,2012
Marcia Ann Burrs,Old Lady,1,2013,2013
Cate Scott Campbell,Lisa,1,2013,2013
Ramon Hilario,Crusty Old Guy,1,2013,2013
Brian Huskey,Rand,1,2013,2013
Geddy Lee,Himself,1,2013,2013
Sam Marchan,Mariachi #3,1,2013,2013
John C. Moskoff,Herm,1,2013,2013
Luc Radu,Guy,1,2013,2013
Emily Roche,Young Woman,1,2013,2013
Angela Sprinkle,Madeleine,1,2013,2013
Patrick Kang,22 Year Old Guy,22,2014,2014
Stephen Grove Malloy,Budi,1,2014,2014
Randall Bills,The Shagarats,1,2005,2005
Katelin Chesna,One Guest,1,2005,2005
Michelle Noh,Claire,1,2005,2005
Brian Petrucelli,Moving Man #1,1,2005,2005
Gary Riotto,Waiter #1,1,2005,2005
Carla Toutz,Sascha,1,2005,2005
Jennifer Wilson,Ashley Eriksen,1,2005,2005
Brady Matthews,Guy #1,1,2006,2006
Kate Micucci,Registrar,1,2006,2006
Lara Wickes,Amy,1,2006,2006
Alessandra Ambrosio,Alessandra Ambrosio,1,2007,2007
Lou Bonacki,Older Guy,1,2007,2007
Kaliya Skye,Daphne,1,2007,2007
Rachelle Wood,Woman,1,2007,2007
Meegan Godfrey,Becca,1,2008,2008
Andy Hoff,Guy #2,1,2008,2008
Cara-Lee Knodel,Catholic School Girl,1,2008,2008
Terrell Lee,Bouncer,1,2008,2008
Jennifer Lothrop,Woman,1,2008,2008
Tess Parker,Mysterious Woman,1,2008,2008
Charles Poynter,Dylan,1,2008,2008
Sonia Rockwell,Sadie,1,2008,2008
Derek Shizuto,Host,1,2008,2008
Shaila Vaidya,Cindy,1,2008,2008
Destiny Whitlock,Little Girl,1,2008,2008
Matthew Stephen Young,Mechanical Bull Operator,1,2008,2008
Jack J. Bennett,Craig Gerard,1,2009,2009
Nicole Foster Callahan,Girl,1,2009,2009
Piper Mackenzie Harris,Eleven Year Old Lily,1,2009,2009
Kurt Long,Galoshes the Weather Clown,1,2009,2009
Houston Rhines,Jerry,1,2009,2009
Ron Roggé,Highway Cop #2,1,2009,2009
Phillip Wilburn,Joe,1,2009,2009
Gloria Calderon Kellett,Rachel,1,2010,2010
Kathleen M. Darcy,Wedding Guest #2,1,2010,2010
Ryan Daniel Dobson,Danny,1,2010,2010
Rebecca Klingler,Marla,1,2010,2010
Bruce Merkle,Michael,1,2010,2010
Garrett Nichols,Dad,1,2010,2010
James Ryen,Co-Worker #3,1,2010,2010
Rachele Brooke Smith,Lady in Red,1,2010,2010
Jessica Vilchis,Rosalie,1,2010,2010
Christiann Castellanos,Leigh,1,2011,2011
Van Epperson,Shop Owner,1,2011,2011
Lauren Halperin,Parent #2,1,2011,2011
Kristen Henry King,Carol,1,2011,2011
David Neher,Goatee Guy,1,2011,2011
Tami Sagher,Paula,1,2011,2011
Robert R. Shafer,Uncle Pete,1,2011,2011
Bill Suplee,Marty,1,2011,2011
Jeremy Batiste,Guy in Line,1,2012,2012
Katie Enright,Nurse,1,2012,2012
Guy Nardulli,Vinny,1,2012,2012
Marie Pettit,Beth,1,2012,2012
Gibson Bobby Sjobeck,Young Marcus,1,2012,2012
Karissa Vacker,Holly,1,2012,2012
Jeff Grace,Delivery Guy,1,2013,2013
Joshua Hoover,Lucky Guy,1,2013,2013
Di Koob,Lauren,1,2013,2013
Joie Magidow,Elderly Relative,1,2013,2013
Michael C. Mahon,Grumpy Man,1,2013,2013
Steven Page,Himself,1,2013,2013
Eduardo Reynoso Jr.,Mariachi #2,1,2013,2013
Irene Roseen,Old Gypsy Woman,1,2013,2013
Erik Van Wyck,Husband #3,1,2013,2013
Rudy Villagrana,Gate Agent,1,2013,2013
Natalie Harlan West,Woman,1,2013,2013
Kerrigan Milker,Young Penny,1,2014,2014
Mariangela Pagan,Mother,1,2014,2014
Matt Walsh,Captain Dearduff,1,2014,2014
John Bobek,Clerk,1,2005,2005
Kyle Bornheimer,Austin,1,2005,2005
Eric Bradley,The Shagarats,1,2005,2005
Choice Skinner,Trucker Hat Guy #1,1,2005,2005
Ingrid Raines,Girl,1,2006,2006
Richard Wharton,Art Professor,1,2006,2006
Marshall Cook,Pool Player #2,1,2007,2007
Selita Ebanks,Selita Ebanks,1,2007,2007
Kate Mansi,Amanda,1,2008,2008
Nicole Muirbrook,Woman,1,2008,2008
Andre Navarro,Waiter #2,1,2008,2008
Johnny Palermo,Café Guy,1,2008,2008
Kira Saks,Erica,1,2008,2008
Rome Shadanloo,Kate,1,2008,2008
Greg Collins,Matt Zinman,1,2009,2009
Marion Kerr,Whitney,1,2009,2009
Laura Ann Kesling,8 Year Old Nicole,8,2009,2009
Bianca Lopez,Gennie,1,2009,2009
Michael Spellman,Adam,1,2009,2009
Joe Thornton Jr.,Highway Cop #3,1,2009,2009
Ute Werner,Viveka,1,2009,2009
Jim Grollman,Uncle Larry,1,2010,2010
Miranda Lilley,Patricia,1,2010,2010
Nick Toren,Tourist,1,2010,2010
Sathya Jesudasson,Mrs. Venkataraghavan,1,2011,2011
Luka Jones,Nick,1,2011,2011
Tahmus Rounds,Guitar Man,1,2011,2011
Katherine Von Till,Darcy,1,2011,2011
Jay Brian Winnick,Ronald,1,2011,2011
Chris Coppola,Guy in Black Suit,1,2012,2012
Ithamar Enriquez,Guard #3,1,2012,2012
Elliot Goldwag,Alfred,1,2012,2012
Missy Hairston,Clerk,1,2012,2012
Bruno Amato,Cop,1,2013,2013
Dave Coulier,Himself,1,2013,2013
Robert Daniel Sloan,Kid #3,1,2013,2013
Alfred Rubin Thompson,Thug,1,2013,2013
Skyler Vallo,Grace,1,2013,2013
Spencer Ralston,Marvin,1,2014,2014
Saudia Rashed,Nurse,1,2014,2014
Tom Ayers,Walter,1,2005,2005
Andy Brown,The Shagarats,1,2005,2005
John Henry Canavan,Trucker Hat Guy #2,1,2005,2005
Anna Zielinski,Cute Girl,1,2005,2005
Gabrielle Richens,Tramp Stamp Girl,1,2006,2006
Josh Wingate,Mike,1,2006,2006
David Douglas,Random Guy,1,2007,2007
Miranda Kerr,Miranda Kerr,1,2007,2007
Ryan Freeman,Guy in Booth #2,1,2008,2008
Hope Riley,Attractive Brunette,1,2008,2008
Dean J. West,Stapleton,1,2008,2008
Greg Lewis,Mr. Ossias,1,2009,2009
Charlene Lovings,Assistant,1,2010,2010
Marianne Muellerleile,Meredith,1,2010,2010
Tiara Parker,Diana,1,2010,2010
Ryan Powers,Marc,1,2010,2010
Tom Virtue,Minister,1,2010,2010
Toussaint Waterman,Paramedic,1,2010,2010
Anthony Wayne Skeen,Clay,1,2011,2011
Jay Ellis,Sound Guy,1,2012,2012
Peter Gannon,Mr. McIntee,1,2012,2012
Mike Grief,Bus Driver,1,2012,2012
Christian Hutcherson,Kid #2,1,2012,2012
Nicole Shabtai,Gina,1,2012,2012
Cherub Moore,Hostess,1,2013,2013
Luc Robitaille,Himself,1,2013,2013
Albert Tsai,Kaden,1,2013,2013
Jonathan Craig Williams,Cop,1,2013,2013
Katie Silverman,Little Girl,1,2014,2014
Alexandria Sounis,Erin,1,2014,2014
Ryan Goessl,The Shagarats,1,2005,2005
Katie A. Keane,Stripper,1,2005,2005
Sebastian Siegel,Bartender,1,2005,2005
Mark Edward Smith,Bomb Squad Guy,1,2005,2005
Jamison Yang,Concerned Guy,1,2006,2006
Adriana Lima,Adriana Lima,1,2007,2007
Alec Gray,Kid,1,2008,2008
Austin Majors,12 Year Old Matthew,12,2009,2009
Krys Marshall,Bridesmaid,1,2009,2009
Brooke Newton,Christy,1,2010,2010
Linda Porter,Muriel,1,2010,2010
Joseph Russo,Davey,1,2010,2010
Roz Witt,Mom,1,2010,2010
Noah James Butler,British General,1,2011,2011
Steve Tom,Kelly's Father,1,2011,2011
Hollie Winnard,Infomercial Actress,1,2011,2011
Herbie Jackson,Kid #2,1,2012,2012
Bobby C. King,Security Guard,1,2012,2012
John Maholm,Vikings Fan,1,2012,2012
Melissa Soso,Jenni,1,2012,2012
k.d. lang,k.d. lang,1,2013,2013
Amaris Davidson,Julie,1,2014,2014
Juanita Guzman,Quilter #1,1,2014,2014
Courtney Hope Turner,Girl,1,2014,2014
Sean Lucore,Guy #1,1,2005,2005
Kevin St. Clair,The Shagarats,1,2005,2005
Jay Hayden,Pool Player #1,1,2007,2007
Marisa Miller,Marisa Miller,1,2007,2007
Khary Payton,Guy in Booth #3,1,2008,2008
Steven Montfort,Matthew,1,2009,2009
Jadon Sand,Rob Greenberg,1,2010,2010
Adam Tsekhman,Parent #1,1,2011,2011
Jeff Rector,Cop,1,2012,2012
Caine Sinclair,Joe,1,2012,2012
Nicole Zeoli,Lindsay,1,2012,2012
Elizabeth Pan,Spa Attendant,1,2013,2013
Craig Lee Thomas,Turk,1,2013,2013
Sawyer Ever,Young Ted,1,2014,2014
Chuck Carter,Guy #2,1,2005,2005
Dwight Hicks,Sid,1,2007,2007
Jess Rowland,Guy in Booth #1,1,2008,2008
Kit Pongetti,Fran,1,2009,2009
Emily Wilson,Marshall's Stripper Daughter,1,2010,2010
Caitlin Wehrle,Daphne,1,2011,2011
Marty Ryan,Mourner #2,1,2012,2012
Kurt Scholler,Hotel Employee #1,1,2012,2012
Vivian Smallwood,Leila,1,2012,2012
Corey Krueger,Gordie,1,2013,2013
Napoleon Ryan,Claude,1,2013,2013
Dat Pham,Chinese Boy,1,2014,2014
Alexandra Siegel,Shelly,1,2014,2014
Dustin Lancaster,Guy #3,1,2005,2005
Peyton Hinson,Trish,1,2007,2007
Annie Ilonzeh,Becky,1,2007,2007
Doris Jung Usui,Korean Woman,1,2009,2009
Steve Seagren,Bailiff,1,2012,2012
Stewart Skelton,Mourner #1,1,2012,2012
Nikki Stanley,Kate,1,2012,2012
Jim Forbes,U.T.T. Narrator,1,2013,2013
Kyla-Drew,Shandra,1,2013,2013
Alex Staggs,Operator,1,2014,2014
Adam Wang,Kung Fu Instructor,1,2014,2014
Floyd Van Buskirk,Cab Driver #2,1,2005,2005
Joe Spellman,Frat Dude,1,2012,2012
Nancy Stone,Sketch Artist,1,2012,2012
Ken Takemoto,Elderly Chinese Man,1,2012,2012
Chuck Lacey,Old Man,1,2013,2013
Ping Wu,Old Man,1,2014,2014
Jon Ryckman,Bartender,1,2007,2007
Steven Thomas Capp,Carl's Son,1,2014,2014
Gail King,Cathy,1,2014,2014
Peter Michael McGowan,Bitterman,1,2014,2014
Astghik Ashley Khanoyan,Student,1,2010,2010
Quinn Lipton,Dancer,1,2010,2010
Elena Levon,Dominatrix,1,2011,2011
Rich Skidmore,TV News Anchor,1,2011,2011
Bob Saget,Narrator,206,2005,2014
Darron MacMathe,Willis,6,2006,2007
Brooklynne James,Stripper Amber,6,2012,2013
Charlotte Benesch,McLaren's Bar Patron,5,2012,2012
Elijah Samuel Quesada,Wedding Guest,3,2007,2007
Ryan Philbin,Wedding Guest,3,2013,2014
Tyffanee Smith,Bar Girl,2,2007,2009
Kathleen Bartholomew,Wedding Guest,2,2007,2007
Ama'ri,Kindergartener,2,2008,2009
Mark Casimir Dyniewicz Jr.,Bar Patron,2,2008,2009
David H. Lawrence XVII,Newscast Announcer,2,2010,2012
Doby Daenger,Protestor,2,2010,2011
Clark Gilmer,Blond Girl at the Bar,2,2010,2011
Breeanna Judy,Pub Patron,2,2010,2010
Kristin Quick,Stoner,2,2011,2011
Carly Hollas,Quinn's Friend,2,2012,2013
Eric Womack,Mustache Guy,2,2013,2013
Max Napolitano,Husband #2,1,2013,2013
Lisa Catara,Samantha,1,2005,2005
Kristin Denehy,Leslie,1,2005,2005
John Edward Lee,Extra,1,2005,2005
Maria Policastri,Print Model,1,2005,2005
Christina Putnam,New Years Guest,1,2005,2005
Reese Riley,Rude Waiter,1,2005,2005
William Romeo,Bouncer,1,2005,2005
Stephen Silberkraus,Pedestrian,1,2005,2005
Randy Spire,Boyfriend,1,2005,2005
Geoff Stevenson,Man At Table,1,2005,2005
Christopher L. Antie,New Yorker,1,2006,2006
Carter Bays,Fake Paramedic,1,2006,2006
Tara Brook,Dancer,1,2006,2006
Joanne Brooks,Valerie,1,2006,2006
Janet Cho,Casino Waitress,1,2006,2006
Lisa Claire,Beautiful Woman #2,1,2006,2006
Michael Gibney,Law Student,1,2006,2006
Wayne Knight,Lily's Landlord,1,2006,2006
Michelle Lenhardt,Chili Dog Couple,1,2006,2006
Roberto Lequeux,Chili Dog Couple,1,2006,2006
Chris Moss,Dancer,1,2006,2006
Megan Mullally,Mrs. Stinson,1,2006,2006
Timothy Prindle,Mr. Johnson,1,2006,2006
William Ramos Jr.,New Yorker,1,2006,2006
Jé Marie Rilveria,Dancer,1,2006,2006
Daniel Mark Stafford,Office Architect,1,2006,2006
Craig Thomas,Fake Paramedic,1,2006,2006
Randy Vinneau,Bar Patron,1,2006,2006
Wajid,Cab Driver #2,1,2006,2006
Moises Amaya,Tourist in Line,1,2007,2007
Michael William Arnold,Marshall's Son,1,2007,2007
Bonnie Carter,Aussie Girl,1,2007,2007
Bay Dariz,Waldo,1,2007,2007
Trey Everett,Bar Guy,1,2007,2007
Phil Lord,Too Much Tongue Guy,1,2007,2007
Bill Macy,Man Sitting Next to Barney on the Subway,1,2007,2007
James McMann,Tourist Man,1,2007,2007
Lester G. Reynolds,Tattooed Dermatology Patient,1,2007,2007
Sarkiss Yen,Audience Member,1,2007,2007
Tony Aaron II,Gym Patron,1,2008,2008
Meggan Anderson,Veggie Waitress,1,2008,2008
Nathalie Antonia,Girl at the Bar,1,2008,2008
Ken Bahn,Office Worker,1,2008,2008
Adalia Braydon,Girl #3,1,2008,2008
Matthew Corbett Davis,Bachelor,1,2008,2008
Marcienne Dwyer,Ex-Girlfriend,1,2008,2008
Jennipher Foster,Maggie,1,2008,2008
Camila Greenberg,Jessica,1,2008,2008
Brice Harris,Canadian Bar Guy,1,2008,2008
Bruce Holman,Art Gallery Bystander,1,2008,2008
Aiden Ivy,Doug Stein,1,2008,2008
Michael Atlas Lane,Bartender,1,2008,2008
Debbi Larkins,Party Girl,1,2008,2008
Paul McKinney,Lewis,1,2008,2008
Mélanie Mozzet,Bar Girl,1,2008,2008
Alan Mueting,Hurley's Waiter,1,2008,2008
Alex Parlar,Himself,1,2008,2008
Christopher Reddick-Johnson,Country Bar Attendee,1,2008,2008
Christian Sinclair,Girl Fighting For Cab,1,2008,2008
Michael A. Templeton,Restaurant Patron,1,2008,2008
Russell Vance Bailey,College Student,1,2009,2009
Alex Bennett,Alex,1,2009,2009
Donnie Bonelli,Herman (chubby boyfriend),1,2009,2009
Beau Bowden,St. Ann's Basketball Player #4,1,2009,2009
Desiree Brajevich,Rave Girl,1,2009,2009
Jym Braun,Bearded Dog Walker,1,2009,2009
Matthew Cuen,Basketball Kindergardener,1,2009,2009
Derek Easley,The Sexless Innkeeper,1,2009,2009
Matt Hanson,Wysnewski,1,2009,2009
Kevin High,Highway Cop #4,1,2009,2009
Marcus Hopkins,Bar Patron,1,2009,2009
Mohammad Kavianpour,Camera Operator,1,2009,2009
Emmie Kivell,Ted Mosby Victim,1,2009,2009
Marcus Lindsey,Hot Guy #1,1,2009,2009
Sandy Masciarelli,Girl at Bar,1,2009,2009
Molly McColgan,Kate Purdy,1,2009,2009
Patrizia Medrano,Female Reporter,1,2009,2009
Mindy Montavon,Canadian Curling Team Member,1,2009,2009
William Ngo,Chinese Delivery Boy,1,2009,2009
Veronica Parks,Student,1,2009,2009
Tom Poole,TV Exec,1,2009,2009
Vanessa Ross,MaClaren's Pub Patron,1,2009,2009
Labrandon Shead,Basketball Player,1,2009,2009
Lei'lah Star,Slapping Kid,1,2009,2009
Wilson Stiner,Attentive Student,1,2009,2009
Mario Tadinac,Himself,1,2009,2009
Zenali Turner,Slapping Game Kid,1,2009,2009
Paul Vasquez,Sex Addict,1,2009,2009
Josh Webber,Waiter,1,2009,2009
David Banuelos,Wedding Guest,1,2010,2010
Jason E. Barnes,Pedestrian Shoppper,1,2010,2010
Star Calvet,Flight Attendant,1,2010,2010
Randi Cee,Dancer with dog,1,2010,2010
Brady Cook,Paxton,1,2010,2010
Marty Dew,Dancer,1,2010,2010
Nick Drago,Dancer,1,2010,2010
Megan Duffy,Susan,1,2010,2010
Nadine Ellis,Lady Cop,1,2010,2010
Matt Frewer,Carriage Driver,1,2010,2010
Lou George,Bob,1,2010,2010
Bunny Gibson,Dancer,1,2010,2010
April Heather,Christine,1,2010,2010
Doug Heiar,Ted's Student,1,2010,2010
Lonnie Henderson,Business Man,1,2010,2010
Michael Hennessey,Airline Pilot,1,2010,2010
Scott Hislop,Dancer,1,2010,2010
Sara Holden,Trampoline Girl,1,2010,2010
Vanessa V. Johnston,Tara,1,2010,2010
Romina Laino,Coin Flipper,1,2010,2010
Rachael Markarian,Dancer,1,2010,2010
Roni Meron,The Girl at the Bar,1,2010,2010
Keith Middlebrook,Scott Weisman,1,2010,2010
Pete Monaco,Gerard,1,2010,2010
Heather Morris,Suit Dancer,1,2010,2010
Angelica Ng,Japanese Waitress,1,2010,2010
Carolyn Ordoñez,Chrissy's Friend,1,2010,2010
Doug Penikas,Dancer,1,2010,2010
Olivia Presley,Party Goer,1,2010,2010
Michael Pringle,Monocle Man,1,2010,2010
Elliott Pruitt,College Kid 1,1,2010,2010
David Pryor,Bar Patron,1,2010,2010
Melissa Rivera,Hot Bullfighter,1,2010,2010
Nick Salter,Groomsman,1,2010,2010
Nicole Sciacca,Dancer,1,2010,2010
Shira Scott Astrof,Jennifer,1,2010,2010
Christopher Scott,Dancer,1,2010,2010
Sylvia Sims,Patron,1,2010,2010
Casper Smart,Dancer,1,2010,2010
Eric Strom,Bar Patron,1,2010,2010
Kevin Richard Sullivan,Pretzel Customer,1,2010,2010
Deanna Tryon,Slapper,1,2010,2010
Danielle Yu,Specialty Girl,1,2010,2010
Zoe Aggeliki,Comedian,1,2011,2011
MaShae Alderman,Kirsten's Friend,1,2011,2011
Ellie Arket,Waitress,1,2011,2011
Cassity Atkins,Wedding Bartender,1,2011,2011
Philippe Badreau,Martini Bar Patron,1,2011,2011
Kevin Wayne Berger,Pat,1,2011,2011
Ryan Bruce,Blue Plate Cook,1,2011,2011
Aphrodite Camello,Hopeless Bar Patron,1,2011,2011
Brian Cawley,Waiter,1,2011,2011
Leah Coonce,Green Office Worker,1,2011,2011
Michael De Palma,Stoner,1,2011,2011
Lynne Alana Delaney,Architect's Ball Guest,1,2011,2011
Ruben Roberto Gomez,Architect's Ball Guest,1,2011,2011
Erica Hanrahan-Ball,Waitress,1,2011,2011
Matt Harding,Blue Chip Cook,1,2011,2011
Jesse Heiman,Hotdog Buying Guy,1,2011,2011
G. Lane Hillman,Architect Student,1,2011,2011
Chrissy Marie Kelly,Blonde Girl,1,2011,2011
Brenda Koo,Beautiful Woman,1,2011,2011
Brittany Kroll,Rocker,1,2011,2011
Joshua Lassman,The Hat Salesman,1,2011,2011
Kathleen Leary,Diner Waitress,1,2011,2011
Waymond Lee,Green Office Worker,1,2011,2011
Jake Levy,Jersey Shore Bar Patron,1,2011,2011
Runa Lucienne,Claire,1,2011,2011
Kristin McCoy,Bar Patron,1,2011,2011
William Mulligan,Santa Claus,1,2011,2011
Diana Peña,GNB Employee,1,2011,2011
Xan Rogers,Scandinavian Woman,1,2011,2011
Mark Roman,MacLaren's Patron,1,2011,2011
Anne B. Scott,Scandinavian Woman,1,2011,2011
Daphnique Springs,Waitress,1,2011,2011
Chase Stockman,Beat Boxer,1,2011,2011
Patrick Weil,Flower Vendor,1,2011,2011
Abigail Wright,Bar Patron,1,2011,2011
Marc Abbink,Bar Patron,1,2012,2012
Tara Bopp,Offended Girl,1,2012,2012
Lauren Brown,Lisa,1,2012,2012
Trevor Brunsink,Young Dad,1,2012,2012
Peter Janov,Jagged Face Scar,1,2012,2012
Jesse Keen,Man in the Bar,1,2012,2012
Ken Lally,Ludwig,1,2012,2012
Michelle LaRue,Melanie,1,2012,2012
Caitlin Marshall,Drunk Train Passenger,1,2012,2012
Joy Meulenberg,Mindy,1,2012,2012
Molly Meyer,Disgusted Hot Girl,1,2012,2012
Leigh Nieves,Renaissance Princess,1,2012,2012
Conan O'Brien,Bar Patron,1,2012,2012
Stefanja Orlowska,Strip Club Waitress,1,2012,2012
Natalie Padilla,Banana Peel Girl,1,2012,2012
Justin Piccari,Partygoer,1,2012,2012
Kailey Michael Portsmouth,College Student,1,2012,2012
Chelsea Reynolds,Party Couple,1,2012,2012
Kristina Rodrigues,Dancer,1,2012,2012
Melissa Jane Rodriguez,Drunk Girl,1,2012,2012
Laura Soares,Hot Nanny,1,2012,2012
Jennifer Sparks,Bar Patron,1,2012,2012
James Logan Steed,Straggling Diner,1,2012,2012
Brennan Swain,Mouth Beach Owner,1,2012,2012
Hannah Townsend,Broller Girl,1,2012,2012
Phi Truong,Jury Spectators,1,2012,2012
Aiden Weinberg,Baby Marvin,1,2012,2012
Brody Weinberg,Baby Marvin,1,2012,2012
Tennille Williams,Waitress,1,2012,2012
Scott Workman,Security Guard #2,1,2012,2012
Sahar Yousefi,Partygoer,1,2012,2012
Jackie Zane,Sheila,1,2012,2012
Jermaine Alexander,Police Officer,1,2013,2013
Sarieha Alsawaf,Young Gypsy,1,2013,2013
Laura Bedwell-Young,Pedestrian,1,2013,2013
Gabrielle Birkman,Art Snob,1,2013,2013
Jennifer Birmingham Lee,Woman,1,2013,2013
Karen Brundidge,Cake Girl,1,2013,2013
Jeff T. Buco,Canadian Mountie,1,2013,2013
Ryan Budds,Carly's Friend on Skates,1,2013,2013
Billy Choi,Casino Gambler,1,2013,2013
Sevy Di Cione,Italian Game Show Host,1,2013,2013
Rebecca Dietz,Girl in the Pink Sweater,1,2013,2013
Val Emanuel,Jukebox Girl,1,2013,2013
Jodi Fleisher,Wife #1,1,2013,2013
Suzanne Friedline,Great-Grandmother (O.S.),1,2013,2013
Larry Gevirtz,Restaurant Patron,1,2013,2013
Monica Giraldo,Rehearsal Guest,1,2013,2013
Mat Hayes,Man on Cellphone,1,2013,2013
Devin Hennessy,Airport Officer,1,2013,2013
Richard Lawrence,Royal Canadian Mounted Police,1,2013,2013
Dana Lee,Grungy Slacker,1,2013,2013
Ashley Leilani,Carlotta the Waitress,1,2013,2013
Tracey McCall,Bikini Babe Bombshell,1,2013,2013
Claude Miles,Ted the Car Rental Worker,1,2013,2013
Rebecca Newton,Crew Cut Girl,1,2013,2013
Andy Park,Guy,1,2013,2013
Donna Pieroni,Maid,1,2013,2013
Shaun Rylee,Art Snob,1,2013,2013
Jason Simmons,Cristalli Twin #1,1,2013,2013
Kristopher Simmons,Cristalli Twin #2,1,2013,2013
Dean Wayne,Maclarens bar patron,1,2013,2013
Christopher Aber,EZ Mart Clerk,1,2014,2014
Jush Allen,Photographer,1,2014,2014
Brian Aranda,Barney's Road Dog,1,2014,2014
Benjamin Byron Davis,Burly Guy,1,2014,2014
Rebecca Davis,News Anchor,1,2014,2014
Vanessa A. Davis,Sara,1,2014,2014
R. Michael Egan,Wedding Guest,1,2014,2014
Sherilyn Henderson,Bar Patron,1,2014,2014
Julia Martin,Guest,1,2014,2014
Brian Mizula,Wedding Guest,1,2014,2014
Jenna Osterlund,Bar Patron,1,2014,2014
Richard Par,Campaign Worker,1,2014,2014
Nick Phillips,Strip Club Patron,1,2014,2014
Brent Schneiders,Bar Patron,1,2014,2014
Rodney Eugene Thompson Jr.,Wedding Guest,1,2014,2014
